use [zbd];

INSERT INTO [Users] (FirstName,LastName,PhoneNumber,Email,PasswordHash,PasswordSalt)
VALUES
  ('Yasir','Hester','361837343','tellus.id.nunc@protonmail.net','GQT42TVT1LM','asdf'),
  ('Vaughan','Cummings','294868517','lobortis.tellus.justo@icloud.edu','BLW11LWX0YL','asdf'),
  ('Alfreda','Cummings','521438094','commodo@outlook.ca','WZT17ABF8TT','asdf'),
  ('Nadine','Finch','834371455','id.libero@icloud.org','CGW95QDS7XX','asdf'),
  ('Aiko','Clements','758235151','vitae.mauris.sit@icloud.ca','CAY47DDI7BN','asdf'),
  ('Abel','Sellers','941621633','libero.integer@outlook.couk','LHW35JED9FB','asdf'),
  ('Davis','Huff','325245875','massa.rutrum@outlook.edu','LJG67INJ3RL','asdf'),
  ('Hamish','Blake','713188662','eget.dictum@aol.couk','MEF25HCS4PC','asdf'),
  ('Heather','Cochran','112431716','nunc.pulvinar.arcu@google.ca','LJG86CHR5HW','asdf'),
  ('Preston','Osborn','141508483','dapibus.ligula@google.net','DWO12MVT3TC','asdf'),
  ('Lael','Burnett','764744537','erat.neque.non@outlook.couk','EUS11JLD3EL','asdf'),
  ('Herrod','Velasquez','846534590','malesuada.fames.ac@yahoo.org','JQF10GYE4NG','asdf'),
  ('Jonas','Santiago','132188234','sapien.gravida@protonmail.edu','MHP75WIV7TL','asdf'),
  ('Cameran','Bryan','599501998','tortor@protonmail.edu','QWD90TYF1JV','asdf'),
  ('Quamar','Meyers','780649390','leo.elementum@aol.com','GSS52WIP1CL','asdf'),
  ('Alika','Flores','377377979','in.sodales.elit@outlook.net','OKM79BWY4SD','asdf'),
  ('Ahmed','Moran','589584249','vulputate@icloud.net','NUK60SML2SC','asdf'),
  ('Camille','Hanson','720418784','non@google.ca','HMX65HKD1MZ','asdf'),
  ('Laura','Munoz','538484642','elit.elit@outlook.com','JUV08HIT7GO','asdf'),
  ('Wade','Woodard','376847481','mollis.phasellus@yahoo.edu','ODY87XFD5KI', 'asdf');

INSERT INTO [Addresses] (UserId,Town,Street,BuildingNumber,ApartmentNumber,ZipCode,Country)
VALUES
  (1, 'Lonquimay','P.O. Box 133, 7175 Dignissim. Road',78,29,'436526','Italy'),
  (2, 'Yungay','638-760 Dictum St.',36,60,'41708','France'),
  (3, 'Galway','Ap #351-1322 Facilisis St.',9,51,'14707','Germany'),
  (4, 'Graaff-Reinet','176-558 Mauris St.',60,85,'3477','Italy'),
  (5, 'Colombo','P.O. Box 392, 8438 Turpis. St.',73,12,'23239','South Africa'),
  (6, 'Drancy','881-9350 Morbi Avenue',67,33,'3927','Indonesia'),
  (7,'Castelvecchio di Rocca Barbena','Ap #642-4082 Id Ave',17,18,'07942','Mexico'),
  (8,'Chañaral','P.O. Box 355, 8887 Non Road',96,42,'314341','France'),
  (9,'Medemblik','Ap #113-1501 Quis Rd.',47,19,'237748','Italy'),
  (10,'Lagos','8087 Sed Avenue',50,60,'23566','Singapore'),
  (11,'Feldkirchen in Kärnten','Ap #247-4475 Cursus. Av.',52,87,'21510','Vietnam'),
  (12,'Assen','7312 Libero Avenue',18,59,'60884','South Africa'),
  (13,'Friedrichshafen','130-4500 Elit St.',63,52,'89613','Vietnam'),
  (14,'Minna','P.O. Box 456, 3273 Risus. Street',26,6,'257897','Poland'),
  (15,'Jiutepec','672-632 Nascetur Street',38,24,'627265','United Kingdom'),
  (16,'Feldkirchen in Kärnten','Ap #247-4475 Cursus. Av.',52,87,'21510','Vietnam'),
  (17,'Assen','7312 Libero Avenue',18,59,'60884','South Africa'),
  (18,'Friedrichshafen','130-4500 Elit St.',63,52,'89613','Vietnam'),
  (19,'Minna','P.O. Box 456, 3273 Risus. Street',26,6,'257897','Poland'),
  (20,'Jiutepec','672-632 Nascetur Street',38,24,'627265','United Kingdom');

INSERT INTO [Categories] (Name, VatRate)
VALUES
('Audio & Video Accessories', 23),
('Portable Bluetooth Speakers', 23),
('Solid State Drives', 23),
('Surround Speakers', 23),
('Laptop Accessories', 23),
('Monitors', 23),
('Computer Accessories & Peripherals', 23);

INSERT INTO [CurrentProducts]
VALUES
('Audio & Video Accessories', 'Sanus VLF410B1 10-Inch Super Slim Full-Motion Mount for 37 - 84 Inches TV''s', 104.99, 1),
('Portable Bluetooth Speakers', 'Boytone - 2500W 2.1-Ch. Home Theater System - Black Diamond', 69, 1),
('Computer Accessories & Peripherals', 'DENAQ - AC Adapter for TOSHIBA SATELLITE - Black', 104.99, 1),
('Portable Bluetooth Speakers', 'DreamWave - Tremor Portable Bluetooth Speaker - Green,Black', 290.99, 1),
('Surround Speakers', 'NS-SP1800BL 5.1-Channel Home Theater System (Black)', 244.01, 1),
('Audio & Video Accessories', 'Universal Remote Control - 48-Device Universal Remote - Black', 254.99, 1),
('Surround Speakers', 'Acoustimass 6 Series V Home Theater Speaker System (Black)', 699.99, 1),
('Solid State Drives', 'Samsung - 850 PRO 512GB Internal SATA III Solid State Drive for Laptops', 224.99, 1),
('Laptop Accessories', 'DENAQ - AC Power Adapter and Charger for Select HP Omnibook, Pavilion and Presario Laptops - Black', 25.89, 1),
('Laptop Accessories', 'Lenovo - AC Adapter for Select Lenovo Yoga Laptops - Black', 19.99, 1),
('Solid State Drives', 'SanDisk Extreme 500 Portable SSD 500GB SDSSDEXT-500G-G25', 160, 0),
('Solid State Drives', '1TB T5 Portable Solid-State Drive (Black)', 399.99, 0),
('Solid State Drives', 'Samsung - 960 Pro 1TB Internal PCI Express 3.0 x4 (NVMe 1.1) Solid State Drive', 600.82, 0),
('Audio & Video Accessories', 'SIMA SSW-6 1 x 6 Speaker Selector with Impedance Protection', 42.99, 0),
('Audio & Video Accessories', 'Startech VGA Video Extender Over Cat5, Point to Point', 126.80, 0),
('Computer Accessories & Peripherals', 'Logitech Keys-To-Go Ultra-Portable Bluetooth Keyboard for Android and Windows', 59.99, 0),
('Computer Accessories & Peripherals', 'Details About Razer Kraken Pro V2 Analog Gaming Headset For Pc/xbox One/ps4 Black (p05)', 69.99, 0),
('Laptop Accessories', 'AOC - 18.5 LED Monitor - Black', 19.99, 0),
('Laptop Accessories', 'DENAQ - AC Power Adapter and Charger for Select Dell Inspiron and Latitude Laptops - Black', 20.99, 0),
('Laptop Accessories', 'Kicker Bullfrog Jump - Green/Black (43BF400) Outdoor Waterproof Bluetooth Speaker W/ FM Tuner', 339.99, 0);

INSERT INTO [HistoricProducts] (Name, NetPrice, VatRate, CreatedTimestamp, CurrentProductId)
VALUES
('Sanus VLF410B1 10-Inch Super Slim Full-Motion Mount for 37 - 84 Inches TV''s', 100.99, 23, '2024-05-01 00:00:00', 1),
('Sanus VLF410B1 10-Inch Super Slim Full-Motion Mount for 37 - 84 Inches TV''s', 108.99, 23, '2024-05-03 00:00:00', 1),
('Sanus VLF410B1 10-Inch Super Slim Full-Motion Mount for 37 - 84 Inches TV''s', 99.99, 23, '2024-02-01 00:00:00', 1),
('Boytone - 2500W 2.1-Ch. Home Theater System - Black Diamond', 69, 23, '2024-05-03 00:00:00', 2),
('Boytone - 2500W 2.1-Ch. Home Theater System - Black Diamond', 69, 7, '2024-02-13 00:00:00', 2),
('DENAQ - AC Adapter for TOSHIBA SATELLITE - Black', 104.99, 23, '2024-02-01 00:00:00', 3),
('DENAQ - AC Adapter for TOSHIBA SATELLITE - Black', 110.99, 23, '2024-05-04 00:00:00', 3),
('DreamWave - Tremor Portable Bluetooth Speaker - Green,Black', 290.99, 23, '2024-05-01 00:00:00', 4),
('DreamWave - Tremor Portable Bluetooth Speaker - Green,Black', 300.99, 23, '2024-02-20 00:00:00', 4),
('NS-SP1800BL 5.1-Channel Home Theater System (Black)', 244.01, 23, '2024-03-01 00:00:00', 5),
('NS-SP1800BL 5.1-Channel Home Theater System (Black)', 250.01, 23, '2024-05-04 00:00:00', 5),
('Universal Remote Control - 48-Device Universal Remote - Black', 254.99, 23, '2024-05-01 00:00:00', 6),
('Universal Remote Control - 48-Device Universal Remote - Black', 230.99, 23, '2024-03-01 00:00:00', 6),
('Acoustimass 6 Series V Home Theater Speaker System (Black)', 699.99, 23, '2024-05-01 00:00:00', 7),
('Acoustimass 6 Series V Home Theater Speaker System (Black)', 600.99, 23, '2024-03-01 00:00:00', 7),
('Samsung - 850 PRO 512GB Internal SATA III Solid State Drive for Laptops', 224.99, 23, '2024-05-01 00:00:00', 8),
('Samsung - 850 PRO 512GB Internal SATA III Solid State Drive for Laptops', 210.99, 23, '2024-03-14 00:00:00', 8),
('DENAQ - AC Power Adapter and Charger for Select HP Omnibook, Pavilion and Presario Laptops - Black', 25.89, 23, '2024-03-01 00:00:00', 9),
('DENAQ - AC Power Adapter and Charger for Select HP Omnibook, Pavilion and Presario Laptops - Black', 25, 23, '2024-05-02 00:00:00', 9),
('Lenovo - AC Adapter for Select Lenovo Yoga Laptops - Black', 19.99, 23, '2024-05-01 00:00:00', 10),
('Lenovo - AC Adapter for Select Lenovo Yoga Laptops - Black', 19.99, 7, '2024-03-01 00:00:00', 10),

('SanDisk Extreme 500 Portable SSD 500GB SDSSDEXT-500G-G25', 160, 23, '2024-02-01 00:00:00', 11),
('1TB T5 Portable Solid-State Drive (Black)', 399.99, 23, '2024-02-01 00:00:00', 12),
('Samsung - 960 Pro 1TB Internal PCI Express 3.0 x4 (NVMe 1.1) Solid State Drive', 600.82, 23, '2024-02-01 00:00:00', 13),
('SIMA SSW-6 1 x 6 Speaker Selector with Impedance Protection', 42.99, 23, '2024-02-01 00:00:00', 14),
('Startech VGA Video Extender Over Cat5, Point to Point', 126.80, 23, '2024-02-01 00:00:00', 15),
('Logitech Keys-To-Go Ultra-Portable Bluetooth Keyboard for Android and Windows', 59.99, 23, '2024-02-01 00:00:00', 16),
('Details About Razer Kraken Pro V2 Analog Gaming Headset For Pc/xbox One/ps4 Black (p05)', 69.99, 23, '2024-02-01 00:00:00', 17),
('AOC - 18.5 LED Monitor - Black', 19.99, 23, '2024-02-01 00:00:00', 18),
('DENAQ - AC Power Adapter and Charger for Select Dell Inspiron and Latitude Laptops - Black', 20.99, 23, '2024-02-01 00:00:00', 19),
('Kicker Bullfrog Jump - Green/Black (43BF400) Outdoor Waterproof Bluetooth Speaker W/ FM Tuner', 339.99, 23, '2024-02-01 00:00:00', 20);

INSERT INTO [Orders] (InvoiceNumber, IncomeDate, UserId)
VALUES
('AA1', '2024-05-01 00:00:00', 1),
('AA2', '2024-04-01 00:00:00', 1),
('AA3', '2024-04-14 00:00:00', 1),
('AA4', '2024-04-08 00:00:00', 2),
('AA5', '2024-04-20 00:00:00', 4),
('AA6', '2024-05-01 00:00:00', 4),
('AA7', '2024-05-04 00:00:00', 6),
('AA8', '2024-05-03 00:00:00', 7),
('AA9', '2024-04-20 00:00:00', 7),
('AA10', '2024-03-01 00:00:00', 7),
('AA11', '2024-04-02 00:00:00', 10),
('AA12', '2024-05-02 00:00:00', 11),
('AA13', '2024-04-16 00:00:00', 12),
('AA14', '2024-04-22 00:00:00', 13),
('AA15', '2024-04-28 00:00:00', 13),
('AA16', '2024-03-14 00:00:00', 13),
('AA17', '2024-05-05 00:00:00', 14),
('AA18', '2024-04-09 00:00:00', 16),
('AA19', '2024-04-20 00:00:00', 18),
('AA20', '2024-05-03 00:00:00', 19);

INSERT INTO [ProductsInCart] (UserId, CurrentProductId, Amount, Price)
VALUES
(1, 1, 2, 0),
(1, 3, 1, 0),
(1, 11, 1, 0),
(2, 1, 18, 0),
(3, 11, 1, 0),
(3, 20, 2, 0),
(7, 1, 1, 0),
(7, 4, 3, 0),
(7, 5, 1, 0),
(7, 9, 1, 0),
(7, 12, 4, 0),
(8, 17, 1, 0),
(11, 20, 5, 0),
(12, 4, 1, 0),
(13, 6, 3, 0),
(13, 8, 1, 0),
(13, 13, 11, 0),
(13, 14, 1, 0),
(17, 15, 12, 0),
(20, 5, 1, 0);

INSERT INTO [ProductOrders] (OrderInvoiceNumber, HistoricProductId, Amount)
VALUES
('AA1', 1, 1),
('AA1', 2, 2),
('AA1', 3, 1),
('AA2', 4, 1),
('AA3', 5, 4),
('AA4', 6, 1),
('AA4', 7, 1),
('AA5', 8, 5),
('AA6', 9, 1),
('AA7', 10, 1),
('AA7', 11, 7),
('AA7', 12, 1),
('AA7', 13, 1),
('AA8', 14, 8),
('AA9', 15, 1),
('AA10', 16, 1),
('AA11', 17, 2),
('AA11', 18, 1),
('AA11', 19, 1),
('AA11', 20, 4),
('AA12', 21, 1),
('AA13', 22, 1),
('AA14', 23, 3),
('AA14', 28, 1),
('AA15', 24, 1),
('AA16', 24, 7),
('AA16', 25, 1),
('AA16', 26, 1),
('AA16', 27, 8),
('AA17', 27, 1);